<?xml version="1.0" encoding="UTF-8"?>
<project-private xmlns="http://www.netbeans.org/ns/project-private/1">
    <editor-bookmarks xmlns="http://www.netbeans.org/ns/editor-bookmarks/2" lastBookmarkId="0"/>
    <open-files xmlns="http://www.netbeans.org/ns/projectui-open-files/2">
        <group>
            <file>file:/home/arunbala/NetBeansProjects/MovieReview/src/java/RegistrationController.java</file>
            <file>file:/home/arunbala/NetBeansProjects/MovieReview/web/getreview.jsp</file>
            <file>file:/home/arunbala/NetBeansProjects/MovieReview/web/index.jsp</file>
            <file>file:/home/arunbala/NetBeansProjects/MovieReview/web/reviewsub.jsp</file>
            <file>file:/home/arunbala/NetBeansProjects/MovieReview/web/login.html</file>
            <file>file:/home/arunbala/NetBeansProjects/MovieReview/src/java/LoginController.java</file>
            <file>file:/home/arunbala/NetBeansProjects/MovieReview/src/java/GetReview.java</file>
            <file>file:/home/arunbala/NetBeansProjects/MovieReview/web/home.jsp</file>
            <file>file:/home/arunbala/NetBeansProjects/MovieReview/web/error.jsp</file>
            <file>file:/home/arunbala/NetBeansProjects/MovieReview/web/registration.jsp</file>
        </group>
    </open-files>
</project-private>
